"Date","AMD.Open","AMD.High","AMD.Low","AMD.Close","AMD.Volume","AMD.Adjusted"
2023-01-31,72.2600021362305,75.1999969482422,72.0299987792969,75.1500015258789,71669100,75.1500015258789
2023-02-01,78.4700012207031,85.4800033569336,77.879997253418,84.6399993896484,152548200,84.6399993896484
2023-02-02,84.2900009155273,88.9400024414062,83.1999969482422,88.3099975585938,97762100,88.3099975585938
2023-02-03,86.6600036621094,88.8000030517578,85.8300018310547,86.0899963378906,66557800,86.0899963378906
2023-02-06,84.629997253418,86.2799987792969,83.2200012207031,83.6800003051758,53008900,83.6800003051758
2023-02-07,84.3199996948242,86.25,82.5199966430664,85.9100036621094,65291900,85.9100036621094
2023-02-08,85.879997253418,88,84.5400009155273,84.6900024414062,54140400,84.6900024414062
2023-02-09,85.879997253418,86.6699981689453,82.7600021362305,83.2099990844727,46525400,83.2099990844727
2023-02-10,82.2900009155273,82.7099990844727,80.4700012207031,81.4800033569336,49332600,81.4800033569336
2023-02-13,81.5699996948242,84.1500015258789,80.9000015258789,83.129997253418,45400000,83.129997253418
2023-02-14,82.6999969482422,86.1900024414062,81.7699966430664,85.9499969482422,55979700,85.9499969482422
2023-02-15,85.0999984741211,85.8899993896484,83.3199996948242,85.1800003051758,46430200,85.1800003051758
2023-02-16,82.9800033569336,83.3499984741211,80.0500030517578,80.0800018310547,57755200,80.0800018310547
2023-02-17,79.5999984741211,79.6500015258789,77.370002746582,78.5,47826600,78.5
2023-02-21,77.1500015258789,78.4599990844727,76.4499969482422,76.7699966430664,44045600,76.7699966430664
2023-02-22,76.9300003051758,78.129997253418,75.9199981689453,76.6100006103516,50286800,76.6100006103516
2023-02-23,80.629997253418,81.7900009155273,77.9700012207031,79.75,76391300,79.75
2023-02-24,77.75,78.8099975585938,76.9400024414062,78.0899963378906,46700000,78.0899963378906
2023-02-27,79.6399993896484,80.120002746582,78.5299987792969,78.7699966430664,45617300,78.7699966430664
2023-02-28,77.870002746582,80.1399993896484,77.4199981689453,78.5800018310547,44220100,78.5800018310547
2023-03-01,78.5500030517578,80.2900009155273,77.879997253418,78.2900009155273,44266000,78.2900009155273
2023-03-02,77.5699996948242,80.9199981689453,76.6500015258789,80.4400024414062,60108600,80.4400024414062
2023-03-03,80.4000015258789,81.629997253418,79.3399963378906,81.5199966430664,54536200,81.5199966430664
2023-03-06,82.0299987792969,83.3000030517578,81.0400009155273,81.1600036621094,54541300,81.1600036621094
2023-03-07,81.0699996948242,84.8499984741211,80.6699981689453,82.1100006103516,70959000,82.1100006103516
2023-03-08,82.7900009155273,85.7699966430664,82.2799987792969,85.370002746582,69529800,85.370002746582
2023-03-09,85.2900009155273,87.8099975585938,83.5899963378906,84.0299987792969,79496700,84.0299987792969
2023-03-10,84.4700012207031,85.4499969482422,81.629997253418,82.6699981689453,70273600,82.6699981689453
2023-03-13,81.3899993896484,83.8300018310547,78.5199966430664,82.0100021362305,65269100,82.0100021362305
2023-03-14,83.6699981689453,88.3000030517578,83.5899963378906,87.4499969482422,66616300,87.4499969482422
2023-03-15,86.7699966430664,90.4199981689453,86.2200012207031,89.6800003051758,86177400,89.6800003051758
2023-03-16,89.7200012207031,96.6900024414062,89.0199966430664,96.5999984741211,115839200,96.5999984741211
2023-03-17,96.6600036621094,98.75,95.9400024414062,97.8399963378906,94080800,97.8399963378906
2023-03-20,96.3000030517578,96.9400024414062,92.9000015258789,96.8099975585938,92008900,96.8099975585938
2023-03-21,97,99.4599990844727,93.6399993896484,95.9300003051758,85285300,95.9300003051758
2023-03-22,95.6500015258789,101.699996948242,95.6399993896484,97.5800018310547,110816300,97.5800018310547
2023-03-23,100.050003051758,102.430000305176,98.6699981689453,100.279998779297,84088900,100.279998779297
2023-03-24,99.1800003051758,99.5199966430664,96.7399978637695,97.9499969482422,64712400,97.9499969482422
2023-03-27,98.0199966430664,98.9300003051758,95.4300003051758,96.6100006103516,57461400,96.6100006103516
2023-03-28,96.7699966430664,96.9400024414062,92.870002746582,94.5599975585938,59150100,94.5599975585938
2023-03-29,96.0699996948242,96.9100036621094,94.870002746582,96.0899963378906,55326000,96.0899963378906
2023-03-30,98,99.5299987792969,97.25,97.879997253418,59678500,97.879997253418
2023-03-31,96.3399963378906,98.3600006103516,95.2699966430664,98.0100021362305,55861100,98.0100021362305
2023-04-03,96.6999969482422,96.7900009155273,94.8099975585938,96.5599975585938,50655300,96.5599975585938
2023-04-04,97.0400009155273,97.2699966430664,95.2099990844727,95.870002746582,43195900,95.870002746582
2023-04-05,94.3499984741211,94.5,91.3600006103516,92.5599975585938,52979300,92.5599975585938
2023-04-06,91.4700012207031,92.9100036621094,90.620002746582,92.4700012207031,47778400,92.4700012207031
2023-04-10,91.3199996948242,95.8000030517578,91.0199966430664,95.4800033569336,52536300,95.4800033569336
2023-04-11,96.0599975585938,96.0699996948242,92.6900024414062,94.0299987792969,51935800,94.0299987792969
2023-04-12,94.9700012207031,95,91.7399978637695,92.3300018310547,53383100,92.3300018310547
2023-04-13,92.7900009155273,93.1600036621094,91.8300018310547,92.0899963378906,40572500,92.0899963378906
2023-04-14,91.8199996948242,92.9700012207031,90.5,91.75,38734800,91.75
2023-04-17,90.2300033569336,90.6900024414062,88.3000030517578,89.870002746582,47250800,89.870002746582
2023-04-18,91.6100006103516,92.1600036621094,89.3300018310547,89.7799987792969,46246300,89.7799987792969
2023-04-19,88.5100021362305,90.5400009155273,88.2200012207031,89.9400024414062,37344500,89.9400024414062
2023-04-20,88.8300018310547,91.5800018310547,88.7300033569336,90.1100006103516,47082700,90.1100006103516
2023-04-21,89.8000030517578,89.8000030517578,88.0599975585938,88.4300003051758,41118300,88.4300003051758
2023-04-24,88.1100006103516,88.6399993896484,86.3399963378906,87.5699996948242,40423800,87.5699996948242
2023-04-25,86.9000015258789,87.0599975585938,83.7600021362305,83.8000030517578,52771500,83.8000030517578
2023-04-26,86.5100021362305,87.3499984741211,85.3199996948242,85.9400024414062,47786600,85.9400024414062
2023-04-27,86.4100036621094,87.5699996948242,84.0899963378906,87.4400024414062,53087200,87.4400024414062
2023-04-28,87.0199966430664,89.75,86.4400024414062,89.370002746582,50652100,89.370002746582
2023-05-01,91.0299987792969,91.0400009155273,88.6100006103516,89.6900024414062,59358700,89.6900024414062
2023-05-02,89.3199996948242,90.4599990844727,88.120002746582,89.9100036621094,70483500,89.9100036621094
2023-05-03,83.5400009155273,85.4800033569336,81.0199966430664,81.620002746582,109482200,81.620002746582
2023-05-04,81.5699996948242,91.6399993896484,81.1100006103516,86.6100006103516,122840500,86.6100006103516
2023-05-05,84.9899978637695,90.4300003051758,84.7200012207031,89.8399963378906,78407400,89.8399963378906
2023-05-08,89.9899978637695,95.6600036621094,89.1699981689453,95.0400009155273,95503200,95.0400009155273
2023-05-09,94.8899993896484,96.1600036621094,93.4300003051758,95.0599975585938,68674800,95.0599975585938
2023-05-10,96.4199981689453,99.9400024414062,96.120002746582,97.0199966430664,95619500,97.0199966430664
2023-05-11,98.1600036621094,99.1900024414062,96.1399993896484,97.0999984741211,57061000,97.0999984741211
2023-05-12,96.8300018310547,97.4499969482422,93.6800003051758,95.2600021362305,53790400,95.2600021362305
2023-05-15,95.1999969482422,97.4300003051758,93.4499969482422,97.4000015258789,51749200,97.4000015258789
2023-05-16,97.3899993896484,103.279998779297,97.3099975585938,101.480003356934,90622900,101.480003356934
2023-05-17,101.790000915527,104.139999389648,100.050003051758,103.75,75240900,103.75
2023-05-18,103.980003356934,108.099998474121,103.930000305176,107.930000305176,74338700,107.930000305176
2023-05-19,106.360000610352,107.290000915527,104.620002746582,105.819999694824,67830600,105.819999694824
2023-05-22,104.680000305176,108.790000915527,103.48999786377,108,65424200,108
2023-05-23,107.25,110.98999786377,107.190002441406,108.120002746582,73099100,108.120002746582
2023-05-24,105.980003356934,108.910003662109,105.639999389648,108.269996643066,65910500,108.269996643066
2023-05-25,117.309997558594,120.690002441406,115.800003051758,120.349998474121,108514700,120.349998474121
2023-05-26,122.459999084473,127.430000305176,120.889999389648,127.029998779297,92922800,127.029998779297
2023-05-30,130.419998168945,130.789993286133,123.51000213623,125.269996643066,98902300,125.269996643066
2023-05-31,122.419998168945,123.959999084473,117.860000610352,118.209999084473,87552200,118.209999084473
2023-06-01,117.290000915527,121.279998779297,116.599998474121,119.470001220703,66032900,119.470001220703
2023-06-02,120.75,121.660003662109,117.680000305176,117.860000610352,52331100,117.860000610352
2023-06-05,116.589996337891,119.319999694824,116.419998168945,117.930000305176,52602900,117.930000305176
2023-06-06,117.910003662109,124.419998168945,117.73999786377,124.230003356934,75257500,124.230003356934
2023-06-07,124.029998779297,125.339996337891,117.069999694824,117.830001831055,81755200,117.830001831055
2023-06-08,118.300003051758,122.209999084473,117.050003051758,121.050003051758,65246900,121.050003051758
2023-06-09,123.569999694824,127.25,123.550003051758,124.919998168945,75051600,124.919998168945
2023-06-12,128.520004272461,130.479995727539,126.400001525879,129.190002441406,85394700,129.190002441406
2023-06-13,132.320007324219,132.830001831055,122.449996948242,124.529998779297,132461900,124.529998779297
2023-06-14,126.529998779297,127.730003356934,123.809997558594,127.330001831055,95888100,127.330001831055
2023-06-15,125.389999389648,125.699996948242,122.26000213623,124.23999786377,85587100,124.23999786377
2023-06-16,125.819999694824,125.849998474121,119.900001525879,120.080001831055,81846900,120.080001831055
2023-06-20,119.089996337891,121.75,117.699996948242,118.930000305176,58851800,118.930000305176
2023-06-21,118.48999786377,119.190002441406,111.669998168945,112.110000610352,82835600,112.110000610352
2023-06-22,112.23999786377,114,109.849998474121,110.699996948242,70754800,110.699996948242
2023-06-23,109.309997558594,111.099998474121,107.459999084473,110.01000213623,73545600,110.01000213623
2023-06-26,110.949996948242,112.550003051758,107.199996948242,107.51000213623,68557000,107.51000213623
2023-06-27,108.569999694824,110.970001220703,107.080001831055,110.389999389648,59381600,110.389999389648
2023-06-28,108.209999084473,111.779998779297,107.629997253418,110.169998168945,67534100,110.169998168945
2023-06-29,112.069999694824,112.76000213623,109.839996337891,111.23999786377,58347200,111.23999786377
2023-06-30,113.029998779297,114.690002441406,112.410003662109,113.910003662109,53331900,113.910003662109
2023-07-03,115.160003662109,116.730003356934,114.51000213623,115.819999694824,31860000,115.819999694824
2023-07-05,116.099998474121,117.660003662109,113.860000610352,113.949996948242,49501600,113.949996948242
2023-07-06,112.069999694824,113.790000915527,110.309997558594,113.480003356934,42342000,113.480003356934
2023-07-07,114.160003662109,115.330001831055,113.040000915527,113.169998168945,37135100,113.169998168945
2023-07-10,113,113.610000610352,109.879997253418,113.580001831055,49330200,113.580001831055
2023-07-11,111.660003662109,113.269996643066,109.5,111.319999694824,59899500,111.319999694824
2023-07-12,112.889999389648,115.400001525879,112.309997558594,114.580001831055,57993100,114.580001831055
2023-07-13,115.76000213623,116.160003662109,113.580001831055,115.919998168945,49206700,115.919998168945
2023-07-14,116.169998168945,122.120002746582,115.25,115.940002441406,91847300,115.940002441406
2023-07-17,115.949996948242,118.839996337891,112.730003356934,118.319999694824,68593300,118.319999694824
2023-07-18,117.550003051758,118.430000305176,115.190002441406,117.930000305176,57980100,117.930000305176
2023-07-19,121.300003051758,121.669998168945,115.550003051758,116.430000305176,70363100,116.430000305176
2023-07-20,114.959999084473,115.050003051758,109.23999786377,110.25,76340400,110.25
2023-07-21,110.970001220703,112.300003051758,109.540000915527,110.949996948242,76778100,110.949996948242
2023-07-24,110.620002746582,111.309997558594,108.550003051758,110.610000610352,45583600,110.610000610352
2023-07-25,111.139999389648,114.050003051758,111,113,44916300,113
2023-07-26,111.910003662109,112.360000610352,109.300003051758,110.089996337891,51721700,110.089996337891
2023-07-27,111.790000915527,115.080001831055,110.51000213623,111.099998474121,70678000,111.099998474121
2023-07-28,113.379997253418,114.860000610352,112.440002441406,112.959999084473,55526000,112.959999084473
2023-07-31,114.160003662109,114.680000305176,112.349998474121,114.400001525879,54187300,114.400001525879
2023-08-01,114.26000213623,118.190002441406,113.160003662109,117.599998474121,95279300,117.599998474121
2023-08-02,119.48999786377,119.5,107.379997253418,109.349998474121,173372000,109.349998474121
2023-08-03,108.949996948242,114.959999084473,108.949996948242,113.150001525879,90605400,113.150001525879
2023-08-04,114.480003356934,118.849998474121,113.959999084473,115.819999694824,83083100,115.819999694824
2023-08-07,116.360000610352,119.080001831055,115.48999786377,116.809997558594,65854800,116.809997558594
2023-08-08,114.940002441406,115.459999084473,111.410003662109,113.230003356934,54141800,113.230003356934
2023-08-09,112.889999389648,113.150001525879,108.779998779297,110.470001220703,56257100,110.470001220703
2023-08-10,111.300003051758,113.889999389648,109.470001220703,110.230003356934,57297800,110.230003356934
2023-08-11,108.849998474121,109.069999694824,106.480003356934,107.569999694824,55618700,107.569999694824
2023-08-14,106.75,111.98999786377,105.419998168945,111.980003356934,57421800,111.980003356934
2023-08-15,111.98999786377,113.180000305176,110.169998168945,111.349998474121,53816600,111.349998474121
2023-08-16,110.089996337891,110.440002441406,106.980003356934,107.190002441406,54327300,107.190002441406
2023-08-17,107.620002746582,107.849998474121,104.099998474121,104.440002441406,59064300,104.440002441406
2023-08-18,102.400001525879,106.069999694824,101.680000305176,105.449996948242,59884300,105.449996948242
2023-08-21,106.199996948242,108.540000915527,105.669998168945,108.220001220703,49319200,108.220001220703
2023-08-22,109.400001525879,109.720001220703,104.849998474121,105.660003662109,47335100,105.660003662109
2023-08-23,105.650001525879,110.080001831055,105,109.430000305176,54656300,109.430000305176
2023-08-24,111.059997558594,111.639999389648,100.870002746582,101.800003051758,109179100,101.800003051758
2023-08-25,101.169998168945,104.120002746582,99.5800018310547,102.25,74793100,102.25
2023-08-28,103.470001220703,104.069999694824,100.889999389648,102.610000610352,55386800,102.610000610352
2023-08-29,102.110000610352,106.569999694824,101.790000915527,105.919998168945,50850300,105.919998168945
2023-08-30,105.400001525879,107.669998168945,104.5,106.589996337891,54847300,106.589996337891
2023-08-31,106.190002441406,108.059997558594,104.860000610352,105.720001220703,58919000,105.720001220703
2023-09-01,107,110.059997558594,106.610000610352,109.449996948242,54808900,109.449996948242
2023-09-05,109,111.819999694824,106.300003051758,110.779998779297,66042200,110.779998779297
2023-09-06,110.559997558594,111.330001831055,108.220001220703,109.279998779297,47736700,109.279998779297
2023-09-07,106.139999389648,107.690002441406,105.089996337891,106.589996337891,49080100,106.589996337891
2023-09-08,107.019996643066,109.73999786377,105.75,106.089996337891,46232000,106.089996337891
2023-09-11,107.319999694824,107.51000213623,103,105.319999694824,50611300,105.319999694824
2023-09-12,104.199996948242,106.73999786377,103.180000305176,105.309997558594,44413600,105.309997558594
2023-09-13,105.099998474121,108.73999786377,104.830001831055,107.709999084473,44702300,107.709999084473
2023-09-14,108.430000305176,109.150001525879,106.220001220703,106.629997253418,45920600,106.629997253418
2023-09-15,106.069999694824,106.76000213623,101.279998779297,101.48999786377,71017600,101.48999786377
2023-09-18,100.819999694824,102.98999786377,99.4499969482422,102.370002746582,49061300,102.370002746582
2023-09-19,101.75,102.860000610352,100.699996948242,101.610000610352,41704100,101.610000610352
2023-09-20,102.360000610352,103.940002441406,100.279998779297,100.339996337891,55180600,100.339996337891
2023-09-21,98.5999984741211,98.870002746582,95.8399963378906,96.1100006103516,59628600,96.1100006103516
2023-09-22,96.9199981689453,98.4199981689453,95.6100006103516,96.1999969482422,52169400,96.1999969482422
2023-09-25,95.9499969482422,97.4499969482422,94.4599990844727,97.379997253418,43223700,97.379997253418
2023-09-26,96.5,97.8300018310547,95.2699966430664,95.9599990844727,42866500,95.9599990844727
2023-09-27,96.8199996948242,99.2300033569336,96.3499984741211,98.0699996948242,51261500,98.0699996948242
2023-09-28,97.9400024414062,104.199996948242,97.7600021362305,102.76000213623,72542100,102.76000213623
2023-09-29,104.690002441406,104.940002441406,102.559997558594,102.819999694824,56027300,102.819999694824
2023-10-02,102.209999084473,103.709999084473,101.699996948242,103.269996643066,45118600,103.269996643066
2023-10-03,101.800003051758,103.290000915527,99.1699981689453,100.080001831055,48117000,100.080001831055
2023-10-04,100.650001525879,104.400001525879,100.339996337891,104.069999694824,51023200,104.069999694824
2023-10-05,103.410003662109,103.73999786377,100.269996643066,102.910003662109,51789700,102.910003662109
2023-10-06,102.160003662109,107.870002746582,102.029998779297,107.23999786377,64807500,107.23999786377
2023-10-09,106.01000213623,107.309997558594,104.790000915527,106.970001220703,39593200,106.970001220703
2023-10-10,107.48999786377,110.120002746582,106.400001525879,109.01000213623,57105500,109.01000213623
2023-10-11,109.139999389648,110.099998474121,106.930000305176,108.309997558594,51085600,108.309997558594
2023-10-12,108.400001525879,111.309997558594,107.51000213623,108.790000915527,60959400,108.790000915527
2023-10-13,108.650001525879,108.970001220703,104.75,105.089996337891,52881500,105.089996337891
2023-10-16,105.419998168945,107.480003356934,105.029998779297,106.459999084473,42464500,106.459999084473
2023-10-17,103.540000915527,106.290000915527,101.660003662109,105.139999389648,49642100,105.139999389648
2023-10-18,103.379997253418,104.779998779297,101.73999786377,102.169998168945,50450000,102.169998168945
2023-10-19,103.809997558594,105.599998474121,101.839996337891,102.400001525879,52734200,102.400001525879
2023-10-20,102.279998779297,104.339996337891,101.440002441406,101.809997558594,61285600,101.809997558594
2023-10-23,100.809997558594,102.419998168945,99.3199996948242,100.01000213623,50817400,100.01000213623
2023-10-24,100.970001220703,101.790000915527,99.379997253418,101.669998168945,51982900,101.669998168945
2023-10-25,100.419998168945,101.029998779297,95.2300033569336,96.0599975585938,53424500,96.0599975585938
2023-10-26,95.9899978637695,97.5199966430664,93.120002746582,93.6699981689453,49896400,93.6699981689453
2023-10-27,95.8000030517578,97.3499984741211,94.5899963378906,96.4300003051758,52458700,96.4300003051758
2023-10-30,96.1399993896484,97.0400009155273,94.6999969482422,96.1800003051758,43716600,96.1800003051758
2023-10-31,96.2399978637695,98.8199996948242,94.0699996948242,98.5,79547100,98.5
2023-11-01,98.5800018310547,108.150001525879,98.5,108.040000915527,138641500,108.040000915527
2023-11-02,107.959999084473,109.410003662109,105.910003662109,107.830001831055,71377000,107.830001831055
2023-11-03,109.050003051758,113.389999389648,107.860000610352,112.25,65576600,112.25
2023-11-06,112.599998474121,113.080001831055,110.220001220703,111.75,49270400,111.75
2023-11-07,111.860000610352,114.650001525879,111.220001220703,113.449996948242,50550200,113.449996948242
2023-11-08,113.550003051758,115.319999694824,112.879997253418,113.589996337891,41880600,113.589996337891
2023-11-09,114.099998474121,115.809997558594,113.059997558594,113.48999786377,61146900,113.48999786377
2023-11-10,114.349998474121,119.699996948242,114.029998779297,118.589996337891,75135900,118.589996337891
2023-11-13,118.339996337891,118.680000305176,116,116.790000915527,46741900,116.790000915527
2023-11-14,119.699996948242,122.110000610352,119.220001220703,119.879997253418,61017400,119.879997253418
2023-11-15,120.540000915527,120.589996337891,116.870002746582,118,59555600,118
2023-11-16,117.199996948242,120.730003356934,116.410003662109,119.830001831055,49661900,119.830001831055
2023-11-17,119.639999389648,121.48999786377,118.819999694824,120.620002746582,38508900,120.620002746582
2023-11-20,120.699996948242,121.930000305176,120.069999694824,121.529998779297,43138700,121.529998779297
2023-11-21,120.540000915527,120.650001525879,117.940002441406,119.160003662109,41064800,119.160003662109
2023-11-22,120,124.76000213623,119.949996948242,122.51000213623,56862200,122.51000213623
2023-11-24,122.029998779297,123.25,121.540000915527,122.309997558594,19001000,122.309997558594
2023-11-27,122.069999694824,123.889999389648,121.769996643066,122.650001525879,32743000,122.650001525879
2023-11-28,121.980003356934,122.540000915527,120.790000915527,122.01000213623,32047100,122.01000213623
2023-11-29,123.980003356934,125.730003356934,123.480003356934,123.849998474121,37876300,123.849998474121
2023-11-30,123.610000610352,124.050003051758,119.650001525879,121.160003662109,44494200,121.160003662109
2023-12-01,119.879997253418,121.400001525879,118.650001525879,121.389999389648,37017600,121.389999389648
2023-12-04,119.75,119.900001525879,116.370002746582,118.569999694824,39854400,118.569999694824
2023-12-05,117.430000305176,118.48999786377,116.449996948242,118.379997253418,39191600,118.379997253418
2023-12-06,120.690002441406,122.830001831055,116.379997253418,116.819999694824,60599000,116.819999694824
2023-12-07,120.790000915527,128.679992675781,119.559997558594,128.369995117188,118579100,128.369995117188
2023-12-08,129.539993286133,131,126.889999389648,128.919998168945,89273900,128.919998168945
2023-12-11,130.559997558594,135.039993286133,128.25,134.410003662109,98668300,134.410003662109
2023-12-12,132.25,139.889999389648,131.899993896484,137.610000610352,111677800,137.610000610352
2023-12-13,137.970001220703,139.240005493164,136.029998779297,138.190002441406,70651600,138.190002441406
2023-12-14,138.889999389648,141.820007324219,135.729995727539,138,76115200,138
2023-12-15,139.520004272461,140.889999389648,137.25,139.149993896484,70178600,139.149993896484
2023-12-18,139.149993896484,139.789993286133,137.649993896484,138.899993896484,45199500,138.899993896484
2023-12-19,138.570007324219,143.470001220703,138.559997558594,140.149993896484,63739800,140.149993896484
2023-12-20,139,139.580001831055,135.369995117188,135.470001220703,54671700,135.470001220703
2023-12-21,138.139999389648,139.979995727539,137.380004882812,139.910003662109,47179400,139.910003662109
2023-12-22,140.479995727539,140.699996948242,138.309997558594,139.600006103516,35370400,139.600006103516
2023-12-26,140.070007324219,143.850006103516,139.919998168945,143.410003662109,47157400,143.410003662109
2023-12-27,144.720001220703,146.25,143.179992675781,146.070007324219,49033400,146.070007324219
2023-12-28,146.800003051758,150.410003662109,145.949996948242,148.759994506836,63800700,148.759994506836
2023-12-29,149.5,151.050003051758,147.199996948242,147.410003662109,62028200,147.410003662109
2024-01-02,144.279998779297,144.399993896484,137.429992675781,138.580001831055,64902000,138.580001831055
2024-01-03,135.710006713867,137.429992675781,133.740005493164,135.320007324219,61988600,135.320007324219
2024-01-04,134.300003051758,137.699996948242,134,136.009994506836,58610300,136.009994506836
2024-01-05,136.779998779297,141.009994506836,136.440002441406,138.580001831055,69595000,138.580001831055
2024-01-08,140.360000610352,147.149993896484,140.149993896484,146.179992675781,71756900,146.179992675781
2024-01-09,145.949996948242,149.860000610352,145.080001831055,149.259994506836,67875700,149.259994506836
2024-01-10,150.070007324219,150.880004882812,146.649993896484,148.539993286133,56951200,148.539993286133
2024-01-11,148.520004272461,150.380004882812,143.690002441406,148.020004272461,62764600,148.020004272461
2024-01-12,148.039993286133,148.75,145,146.559997558594,48250800,146.559997558594
2024-01-16,150.360000610352,159.720001220703,149.979995727539,158.740005493164,112711400,158.740005493164
2024-01-17,158.449996948242,160.639999389648,154.399993896484,160.169998168945,104085000,160.169998168945
2024-01-18,166.199996948242,168.600006103516,158.220001220703,162.669998168945,131864900,162.669998168945
2024-01-19,165.800003051758,174.25,162.199996948242,174.229995727539,139825500,174.229995727539
2024-01-22,174.389999389648,174.720001220703,164.149993896484,168.179992675781,122973800,168.179992675781
2024-01-23,166.5,169.630004882812,164.270004272461,168.419998168945,76830500,168.419998168945
2024-01-24,172.550003051758,180.580001831055,170.559997558594,178.289993286133,125516400,178.289993286133
2024-01-25,183.410003662109,184.919998168945,177.630004882812,180.330001831055,127171400,180.330001831055
2024-01-26,175.289993286133,181.229995727539,174.149993896484,177.25,107381200,177.25
2024-01-29,178.770004272461,178.889999389648,174.399993896484,177.830001831055,89384500,177.830001831055
2024-01-30,176.130004882812,178.479995727539,169.520004272461,172.059997558594,122265700,172.059997558594
2024-01-31,165.740005493164,171.300003051758,162.559997558594,167.690002441406,133157300,167.690002441406
2024-02-01,169.270004272461,171.139999389648,165.860000610352,170.479995727539,91576700,170.479995727539
2024-02-02,173.789993286133,179,173.050003051758,177.660003662109,82078100,177.660003662109
2024-02-05,179.089996337891,180.009994506836,171.110000610352,174.229995727539,76349200,174.229995727539
2024-02-06,173.149993896484,173.880004882812,165.5,167.880004882812,68854100,167.880004882812
2024-02-07,169.470001220703,172.970001220703,168.199996948242,170.940002441406,53665400,170.940002441406
2024-02-08,170.330001831055,172.169998168945,168.600006103516,169.350006103516,43385300,169.350006103516
2024-02-09,171,175.100006103516,168.660003662109,172.479995727539,56375700,172.479995727539
2024-02-12,172.679992675781,177.410003662109,170.669998168945,171.910003662109,58177100,171.910003662109
2024-02-13,167.940002441406,173.169998168945,164.300003051758,171.539993286133,63071300,171.539993286133
2024-02-14,173.470001220703,178.740005493164,172.880004882812,178.699996948242,57402500,178.699996948242
2024-02-15,179.139999389648,180.5,175.259994506836,176.759994506836,51126400,176.759994506836
2024-02-16,177.449996948242,180.330001831055,173.25,173.869995117188,53896000,173.869995117188
2024-02-20,171.139999389648,171.809997558594,162,165.690002441406,66550000,165.690002441406
2024-02-21,162.740005493164,164.899993896484,161.809997558594,164.289993286133,48774600,164.289993286133
2024-02-22,173.199996948242,183.830001831055,172,181.860000610352,100684700,181.860000610352
2024-02-23,181.860000610352,183.800003051758,174.550003051758,176.520004272461,69207400,176.520004272461
2024-02-26,178.779998779297,179.839996337891,174.809997558594,176.009994506836,45435100,176.009994506836
2024-02-27,175.919998168945,178.460006713867,172.490005493164,178,43665200,178
2024-02-28,176.25,176.839996337891,173.589996337891,176.539993286133,35914400,176.539993286133
2024-02-29,179.820007324219,193,179.820007324219,192.529998779297,105538500,192.529998779297
2024-03-01,197.910003662109,202.720001220703,195.419998168945,202.639999389648,103583000,202.639999389648
2024-03-04,205.160003662109,211.009994506836,203.5,205.360000610352,86835300,205.360000610352
2024-03-05,200.5,205.330001831055,199.149993896484,205.130004882812,65407100,205.130004882812
2024-03-06,210.429992675781,214.809997558594,207.320007324219,210.630004882812,86687000,210.630004882812
2024-03-07,212.520004272461,213.830001831055,208.220001220703,211.380004882812,63869000,211.380004882812
2024-03-08,213.410003662109,227.300003051758,205.600006103516,207.389999389648,120592600,207.389999389648
2024-03-11,203.009994506836,203.550003051758,196.699996948242,198.389999389648,73098600,198.389999389648
2024-03-12,200.520004272461,202.850006103516,194.270004272461,202.759994506836,68951700,202.759994506836
2024-03-13,198.729995727539,198.830001831055,192.699996948242,194.789993286133,70526900,194.789993286133
2024-03-14,192.919998168945,196.929992675781,184.029998779297,187.059997558594,84490500,187.059997558594
2024-03-15,184.830001831055,193.800003051758,184.479995727539,191.059997558594,95225700,191.059997558594
2024-03-18,193.289993286133,193.5,188.050003051758,190.649993896484,59306900,190.649993896484
2024-03-19,183.160003662109,185.610000610352,177.360000610352,181.419998168945,83509500,181.419998168945
2024-03-20,182.029998779297,182.679992675781,174,179.729995727539,81773100,179.729995727539
2024-03-21,185.970001220703,187.690002441406,177.660003662109,178.679992675781,75265600,178.679992675781
2024-03-22,177.210006713867,180.759994506836,175.050003051758,179.649993896484,57832100,179.649993896484
2024-03-25,172.899993896484,182.800003051758,172,178.630004882812,71935300,178.630004882812
2024-03-26,179.539993286133,182.600006103516,176.330001831055,177.869995117188,65322400,177.869995117188
2024-03-27,179.960006713867,181.229995727539,175.399993896484,179.589996337891,55685600,179.589996337891
2024-03-28,179.470001220703,183.399993896484,178.300003051758,180.490005493164,57628600,180.490005493164
2024-04-01,180.100006103516,187.240005493164,179.899993896484,183.339996337891,74299900,183.339996337891
2024-04-02,179.470001220703,180.100006103516,174.830001831055,178.699996948242,61598800,178.699996948242
2024-04-03,177.539993286133,182.050003051758,176.699996948242,180.770004272461,49835100,180.770004272461
2024-04-04,182.919998168945,183.020004272461,165.649993896484,165.830001831055,88280000,165.830001831055
2024-04-05,168.100006103516,172.690002441406,165.580001831055,170.419998168945,66025200,170.419998168945
2024-04-08,168.199996948242,171.660003662109,166.820007324219,169.899993896484,43997500,169.899993896484
2024-04-09,170.210006713867,171.600006103516,167.289993286133,170.779998779297,42928000,170.779998779297
2024-04-10,166.710006713867,169.779998779297,164,167.139999389648,59600000,167.139999389648
2024-04-11,167.550003051758,170.949996948242,166.550003051758,170.5,48994500,170.5
2024-04-12,164.529998779297,165.699996948242,161.820007324219,163.279998779297,63334200,163.279998779297
2024-04-15,164.429992675781,164.440002441406,158.759994506836,160.320007324219,61461200,160.320007324219
2024-04-16,162.279998779297,164.880004882812,161.669998168945,163.460006713867,55302100,163.460006713867
2024-04-17,163.970001220703,164.449996948242,153.880004882812,154.020004272461,75909000,154.020004272461
2024-04-18,155.509994506836,156.960006713867,152.320007324219,155.080001831055,52669800,155.080001831055
2024-04-19,151.589996337891,154.25,145.289993286133,146.639999389648,71232500,146.639999389648
2024-04-22,148.149993896484,149.889999389648,145.630004882812,148.639999389648,49397000,148.639999389648
2024-04-23,151.649993896484,153.5,150.350006103516,152.270004272461,46051900,152.270004272461
2024-04-24,156.559997558594,157.660003662109,150.630004882812,151.740005493164,43412600,151.740005493164
2024-04-25,149.149993896484,155.139999389648,146.75,153.759994506836,41471400,153.759994506836
2024-04-26,154.240005493164,158.630004882812,153.429992675781,157.399993896484,42510700,157.399993896484
2024-04-29,159.080001831055,160.770004272461,156.259994506836,160.199996948242,43478200,160.199996948242
2024-04-30,160.630004882812,162.289993286133,158.350006103516,158.380004882812,60742800,158.380004882812
2024-05-01,148.110000610352,151.369995117188,142.139999389648,144.270004272461,89413200,144.270004272461
2024-05-02,145.509994506836,147.619995117188,141.160003662109,146.160003662109,50034700,146.160003662109
2024-05-03,148.75,150.789993286133,147.240005493164,150.600006103516,49361100,150.600006103516
2024-05-06,153.100006103516,156.649993896484,151.259994506836,155.779998779297,44624500,155.779998779297
2024-05-07,156.320007324219,157.699996948242,153.660003662109,154.429992675781,37374900,154.429992675781
2024-05-08,153.399993896484,155.330001831055,152.520004272461,153.619995117188,28728000,153.619995117188
2024-05-09,153.130004882812,154.089996337891,150.610000610352,152.389999389648,33018000,152.389999389648
2024-05-10,154.289993286133,156.369995117188,151.309997558594,151.919998168945,37652800,151.919998168945
2024-05-13,151.279998779297,153.330001831055,150.399993896484,150.559997558594,27859200,150.559997558594
2024-05-14,150.429992675781,153.490005493164,148.779998779297,153.160003662109,31938300,153.160003662109
2024-05-15,155.589996337891,159.690002441406,154.699996948242,159.669998168945,43195900,159.669998168945
2024-05-16,160.919998168945,168.059997558594,159.899993896484,162.619995117188,76726700,162.619995117188
2024-05-17,168.429992675781,169.720001220703,162.320007324219,164.470001220703,65944400,164.470001220703
2024-05-20,165.550003051758,168.490005493164,164.470001220703,166.330001831055,45618000,166.330001831055
2024-05-21,164,165.830001831055,163.100006103516,164.660003662109,30005500,164.660003662109
2024-05-22,167.410003662109,169.809997558594,163.860000610352,165.520004272461,47426700,165.520004272461
2024-05-23,170.179992675781,173.139999389648,158.270004272461,160.429992675781,91888800,160.429992675781
2024-05-24,161.410003662109,167.660003662109,160.25,166.360000610352,54795400,166.360000610352
2024-05-28,169.419998168945,174.550003051758,164.960006713867,171.610000610352,66495400,171.610000610352
2024-05-29,167.460006713867,168.479995727539,162.910003662109,165.139999389648,56537500,165.139999389648
2024-05-30,167.899993896484,168.75,163.800003051758,166.75,46479900,166.75
2024-05-31,166.649993896484,169.5,160.070007324219,166.899993896484,64331900,166.899993896484
2024-06-03,170.820007324219,171.080001831055,160.910003662109,163.550003051758,59157600,163.550003051758
2024-06-04,162.839996337891,164.830001831055,158.869995117188,159.990005493164,48157200,159.990005493164
2024-06-05,162.070007324219,167.119995117188,161.380004882812,166.169998168945,60507500,166.169998168945
2024-06-06,165.460006713867,169.509994506836,163.860000610352,166.779998779297,47153700,166.779998779297
2024-06-07,166.589996337891,169.449996948242,165.860000610352,167.869995117188,44796000,167.869995117188
2024-06-10,162.479995727539,165.550003051758,159.610000610352,160.339996337891,67575600,160.339996337891
2024-06-11,160.5,161.539993286133,156.919998168945,158.960006713867,40497100,158.960006713867
2024-06-12,160.320007324219,162.240005493164,158.619995117188,160.240005493164,48325800,160.240005493164
2024-06-13,160.399993896484,162.660003662109,157.309997558594,159.899993896484,44442500,159.899993896484
2024-06-14,158.5,161.339996337891,157.610000610352,159.630004882812,34054000,159.630004882812
2024-06-17,158,159.229995727539,154.139999389648,158.399993896484,44507700,158.399993896484
2024-06-18,156.990005493164,157.240005493164,153.339996337891,154.630004882812,51852000,154.630004882812
2024-06-20,155.820007324219,166.820007324219,155.5,161.779998779297,93245700,161.779998779297
2024-06-21,161.75,163.199996948242,157.889999389648,161.229995727539,61334700,161.229995727539
2024-06-24,159.75,163.399993896484,158.190002441406,160.25,45954100,160.25
2024-06-25,160.729995727539,161,156.449996948242,160.25,40975300,160.25
2024-06-26,160.600006103516,160.740005493164,156,157.539993286133,36973400,157.539993286133
2024-06-27,157.179992675781,160.610000610352,156.809997558594,159.470001220703,34018200,159.470001220703
2024-06-28,160.229995727539,166.449996948242,159.410003662109,162.210006713867,56204600,162.210006713867
2024-07-01,161.25,161.509994506836,153.639999389648,157.690002441406,50436700,157.690002441406
2024-07-02,157.039993286133,164.580001831055,156.699996948242,164.309997558594,57838600,164.309997558594
2024-07-03,164.199996948242,165.259994506836,162.509994506836,163.899993896484,26980900,163.899993896484
2024-07-05,165.970001220703,174.039993286133,165.679992675781,171.899993896484,61857100,171.899993896484
2024-07-08,174.899993896484,178.949996948242,173.220001220703,178.690002441406,60223400,178.690002441406
2024-07-09,177.970001220703,180.410003662109,174.699996948242,177.100006103516,43395600,177.100006103516
2024-07-10,179.990005493164,187.279998779297,177.800003051758,183.960006713867,90247000,183.960006713867
2024-07-11,184.070007324219,187.110000610352,177.25,181.940002441406,59231400,181.940002441406
2024-07-12,182.020004272461,186.990005493164,179.690002441406,181.610000610352,50827400,181.610000610352
2024-07-15,184.449996948242,185.5,178.539993286133,179.830001831055,42202700,179.830001831055
2024-07-16,179.690002441406,179.75,174.529998779297,177.550003051758,40633100,177.550003051758
2024-07-17,169.800003051758,169.800003051758,159.369995117188,159.429992675781,76954200,159.429992675781
2024-07-18,163.410003662109,163.410003662109,153.199996948242,155.770004272461,69420300,155.770004272461
2024-07-19,154.860000610352,155.809997558594,150.619995117188,151.580001831055,47513100,151.580001831055
2024-07-22,154.229995727539,156.699996948242,152.539993286133,155.869995117188,43912500,155.869995117188
2024-07-23,154.949996948242,157.050003051758,153.800003051758,154,31950600,154
2024-07-24,152.720001220703,153.679992675781,144.529998779297,144.630004882812,49203100,144.630004882812
2024-07-25,144.070007324219,144.75,136.809997558594,138.320007324219,60578500,138.320007324219
2024-07-26,140.320007324219,141.289993286133,138.270004272461,139.990005493164,49435800,139.990005493164
2024-07-29,141.190002441406,144.589996337891,138.75,139.75,47447200,139.75
2024-07-30,139.880004882812,141.699996948242,134.050003051758,138.440002441406,68801700,138.440002441406
2024-07-31,150.729995727539,153.600006103516,140.029998779297,144.479995727539,114306800,144.479995727539
2024-08-01,145,147.289993286133,130.240005493164,132.539993286133,94731900,132.539993286133
2024-08-02,133.5,137.100006103516,131.330001831055,132.5,78562000,132.5
2024-08-05,122.160003662109,139.139999389648,121.830001831055,134.820007324219,76089400,134.820007324219
2024-08-06,135.149993896484,136.440002441406,129.100006103516,130.179992675781,64455600,130.179992675781
2024-08-07,133.75,136.240005493164,128.369995117188,128.669998168945,54676500,128.669998168945
2024-08-08,131.970001220703,136.479995727539,128.940002441406,136.320007324219,49037500,136.320007324219
2024-08-09,134.690002441406,135.5,132.440002441406,134.270004272461,40583000,134.270004272461
2024-08-12,134.440002441406,137.990005493164,133.229995727539,136.770004272461,39724300,136.770004272461
2024-08-13,138.119995117188,141.190002441406,137.520004272461,141.130004882812,42218000,141.130004882812
2024-08-14,143,143.25,137.639999389648,140.75,35506400,140.75
2024-08-15,143,147.960006713867,141.809997558594,147.360000610352,43582400,147.360000610352
2024-08-16,145.699996948242,149.369995117188,145.199996948242,148.559997558594,31123900,148.559997558594
2024-08-19,148.429992675781,155.369995117188,147.720001220703,155.279998779297,60766900,155.279998779297
2024-08-20,156.490005493164,162.039993286133,154.509994506836,156.399993896484,76851200,156.399993896484
2024-08-21,156.119995117188,158.649993896484,155.070007324219,157.809997558594,42791200,157.809997558594
2024-08-22,158.869995117188,159.839996337891,151.009994506836,151.699996948242,45737300,151.699996948242
2024-08-23,153.600006103516,156.399993896484,151.830001831055,154.979995727539,43694600,154.979995727539
2024-08-26,154.699996948242,158.279998779297,148.910003662109,149.990005493164,49893300,149.990005493164
2024-08-27,150.130004882812,151.699996948242,148.440002441406,150.5,35102700,150.5
2024-08-28,149.399993896484,150.429992675781,144.720001220703,146.360000610352,34075800,146.360000610352
2024-08-29,146.589996337891,149.490005493164,144.470001220703,145.490005493164,31602100,145.490005493164
2024-08-30,147.520004272461,148.990005493164,145.25,148.559997558594,31169100,148.559997558594
2024-09-03,146.410003662109,146.490005493164,136.100006103516,136.940002441406,42172700,136.940002441406
2024-09-04,140.509994506836,143.369995117188,138.509994506836,140.869995117188,42130600,140.869995117188
2024-09-05,138.199996948242,141.710006713867,137.830001831055,139.440002441406,25023000,139.440002441406
2024-09-06,138.699996948242,139.130004882812,132.110000610352,134.350006103516,39993500,134.350006103516
2024-09-09,136.100006103516,138.449996948242,134.860000610352,138.149993896484,27194500,138.149993896484
2024-09-10,139.059997558594,143.080001831055,137.25,142.839996337891,37217500,142.839996337891
2024-09-11,145.320007324219,150.160003662109,140.710006713867,149.860000610352,50935400,149.860000610352
2024-09-12,148.429992675781,151.539993286133,147.649993896484,150.770004272461,29286200,150.770004272461
2024-09-13,152.320007324219,153.029998779297,150.699996948242,152.309997558594,25117200,152.309997558594
2024-09-16,151.699996948242,154.440002441406,150.910003662109,152.080001831055,27677800,152.080001831055
2024-09-17,153.550003051758,154.039993286133,149.229995727539,150.820007324219,29889000,150.820007324219
2024-09-18,150.899993896484,152.820007324219,148.009994506836,148.289993286133,26320100,148.289993286133
2024-09-19,153.809997558594,159.25,152.770004272461,156.740005493164,44500000,156.740005493164
2024-09-20,156,157.449996948242,152.470001220703,155.949996948242,40248200,155.949996948242
2024-09-23,156.449996948242,157.190002441406,154.970001220703,156.75,21728500,156.75
2024-09-24,157.460006713867,159.639999389648,154.580001831055,158.320007324219,27531200,158.320007324219
2024-09-25,158.5,162.949996948242,158.179992675781,162.020004272461,35233300,162.020004272461
2024-09-26,167.059997558594,168.679992675781,164.050003051758,167.490005493164,38044900,167.490005493164
2024-09-27,167.479995727539,168.729995727539,163.740005493164,164.350006103516,27876000,164.350006103516
2024-09-30,163.100006103516,165.080001831055,162.179992675781,164.080001831055,21881600,164.080001831055
2024-10-01,164.479995727539,165.399993896484,158.080001831055,159.75,31831900,159.75
2024-10-02,159.309997558594,163.100006103516,158.669998168945,159.779998779297,24630400,159.779998779297
2024-10-03,159.710006713867,166.789993286133,159.399993896484,162.850006103516,29598800,162.850006103516
2024-10-04,166.529998779297,171.210006713867,164.419998168945,170.899993896484,44556500,170.899993896484
2024-10-07,171.080001831055,172.410003662109,168.210006713867,170.970001220703,38379900,170.970001220703
2024-10-08,171.75,173.600006103516,170,172.800003051758,34730200,172.800003051758
2024-10-09,174.050003051758,174.050003051758,169.550003051758,171.020004272461,33890700,171.020004272461
2024-10-10,169.759994506836,172.009994506836,162,164.179992675781,75113600,164.179992675781
2024-10-11,164.190002441406,169.350006103516,163.009994506836,167.889999389648,42136200,167.889999389648
2024-10-14,167.770004272461,168.899993896484,165.149993896484,165.270004272461,31757200,165.270004272461
2024-10-15,163.210006713867,164.130004882812,155.740005493164,156.639999389648,50768000,156.639999389648
2024-10-16,158.070007324219,158.279998779297,154.919998168945,156.130004882812,30575800,156.130004882812
2024-10-17,160,160.440002441406,156.199996948242,156.25,29491900,156.25
2024-10-18,157.410003662109,158.009994506836,155.559997558594,155.970001220703,23823000,155.970001220703
2024-10-21,155.759994506836,158,154.149993896484,157.899993896484,25781200,157.899993896484
2024-10-22,156.600006103516,156.740005493164,151.910003662109,154.089996337891,34997400,154.089996337891
2024-10-23,153,153.449996948242,150.520004272461,152.910003662109,26095900,152.910003662109
2024-10-24,154.740005493164,155.190002441406,152.350006103516,153.440002441406,22877000,153.440002441406
2024-10-25,155.399993896484,158.910003662109,155.050003051758,156.229995727539,29758500,156.229995727539
2024-10-28,158.5,160.279998779297,157.039993286133,159.919998168945,36010100,159.919998168945
2024-10-29,161.100006103516,167.509994506836,158.940002441406,166.25,71896000,166.25
2024-10-30,153.009994506836,153.119995117188,148.100006103516,148.600006103516,87701700,148.600006103516
2024-10-31,147.800003051758,148.679992675781,143.330001831055,144.070007324219,44386600,144.070007324219
2024-11-01,144.440002441406,144.539993286133,141.320007324219,141.860000610352,39027400,141.860000610352
2024-11-04,141.699996948242,143.639999389648,139.720001220703,140.710006713867,29117400,140.710006713867
2024-11-05,141.940002441406,143.080001831055,140.800003051758,141.660003662109,27067300,141.660003662109
2024-11-06,144.949996948242,145.630004882812,141.520004272461,145.100006103516,32911500,145.100006103516
2024-11-07,146.679992675781,150.119995117188,145.660003662109,149.820007324219,30326400,149.820007324219
2024-11-08,149.389999389648,150.710006713867,147.529998779297,147.949996948242,27560300,147.949996948242
2024-11-11,147.380004882812,148.570007324219,144.910003662109,147.350006103516,29868100,147.350006103516
2024-11-12,147,147.449996948242,141.550003051758,143.630004882812,33560300,143.630004882812
2024-11-13,142.860000610352,144.490005493164,139.070007324219,139.300003051758,35146600,139.300003051758
2024-11-14,140.339996337891,141.399993896484,138.559997558594,138.839996337891,31681400,138.839996337891
2024-11-15,136.570007324219,137.350006103516,133.649993896484,134.899993896484,44217500,134.899993896484
2024-11-18,138.190002441406,140.899993896484,137.210006713867,138.929992675781,38782400,138.929992675781
2024-11-19,137.410003662109,139.75,137.139999389648,139.389999389648,23131400,139.389999389648
2024-11-20,138.960006713867,140.770004272461,135.479995727539,137.600006103516,28843100,137.600006103516
2024-11-21,138.869995117188,140.279998779297,134.929992675781,137.490005493164,29311400,137.490005493164
2024-11-22,137.350006103516,139.130004882812,137.039993286133,138.350006103516,21784700,138.350006103516
2024-11-25,140.490005493164,142.350006103516,139.050003051758,141.130004882812,30923100,141.130004882812
2024-11-26,142.550003051758,142.800003051758,136.619995117188,137.720001220703,32092400,137.720001220703
2024-11-27,137.199996948242,137.940002441406,132.960006713867,136.240005493164,30175300,136.240005493164
2024-11-29,136.240005493164,138.589996337891,135.779998779297,137.179992675781,16085700,137.179992675781
2024-12-02,137.919998168945,142.820007324219,137.800003051758,142.059997558594,33102400,142.059997558594
2024-12-03,142.580001831055,143.449996948242,141.080001831055,141.979995727539,22665300,141.979995727539
2024-12-04,142.960006713867,144.119995117188,141.179992675781,143.990005493164,25942700,143.990005493164
2024-12-05,143.679992675781,143.949996948242,140.380004882812,141.360000610352,29576900,141.360000610352
2024-12-06,141.479995727539,142.789993286133,137.399993896484,138.589996337891,33576800,138.589996337891
2024-12-09,135.710006713867,135.770004272461,130,130.869995117188,57055600,130.869995117188
2024-12-10,131.559997558594,131.559997558594,127.069999694824,127.73999786377,38907200,127.73999786377
2024-12-11,128.520004272461,131.210006713867,126.220001220703,130.149993896484,45588100,130.149993896484
2024-12-12,130,132.320007324219,129.070007324219,130.600006103516,34267100,130.600006103516
2024-12-13,131.300003051758,131.300003051758,124.769996643066,126.910003662109,67544700,126.910003662109
2024-12-16,126.01000213623,127.76000213623,123.120002746582,126.690002441406,42090300,126.690002441406
2024-12-17,124.449996948242,127.080001831055,123.150001525879,125.019996643066,43314900,125.019996643066
2024-12-18,125.430000305176,127.75,120.430000305176,121.410003662109,49724400,121.410003662109
2024-12-19,122.160003662109,123.379997253418,118.449996948242,118.879997253418,46160700,118.879997253418
2024-12-20,118,121.860000610352,117.900001525879,119.209999084473,53591200,119.209999084473
2024-12-23,120.709999084473,126.339996337891,120.470001220703,124.599998474121,47777900,124.599998474121
2024-12-24,127.51000213623,127.51000213623,124.660003662109,126.290000915527,24829600,126.290000915527
2024-12-26,125.519996643066,127.300003051758,125.050003051758,125.059997558594,24998200,125.059997558594
2024-12-27,124.370002746582,126.180000305176,122.26000213623,125.190002441406,32924000,125.190002441406
2024-12-30,123.559997558594,124.099998474121,122.349998474121,122.440002441406,30501600,122.440002441406
2024-12-31,123.099998474121,123.550003051758,120.139999389648,120.790000915527,30203400,120.790000915527
2025-01-02,122.290000915527,123.139999389648,119.440002441406,120.629997253418,34256200,120.629997253418
2025-01-03,121.650001525879,125.559997558594,121.419998168945,125.370002746582,36785300,125.370002746582
2025-01-06,129.070007324219,130.729995727539,127.360000610352,129.550003051758,48020200,129.550003051758
2025-01-07,130.509994506836,131.710006713867,126.849998474121,127.330001831055,39220400,127.330001831055
2025-01-08,124.51000213623,125.300003051758,120.120002746582,121.839996337891,46723100,121.839996337891
2025-01-10,118.180000305176,118.709999084473,114.449996948242,116.040000915527,59415600,116.040000915527
2025-01-13,115.279998779297,117.480003356934,114.410003662109,117.319999694824,39128900,117.319999694824
2025-01-14,118,118.660003662109,114.5,116.089996337891,37005300,116.089996337891
2025-01-15,117.550003051758,120.419998168945,117.459999084473,119.959999084473,38185800,119.959999084473
2025-01-16,120.23999786377,121.089996337891,118.25,118.440002441406,29414100,118.440002441406
2025-01-17,120.779998779297,122.73999786377,120.550003051758,121.459999084473,35765900,121.459999084473
2025-01-21,122.389999389648,123.75,121.120002746582,122.279998779297,31578800,122.279998779297
2025-01-22,123.080001831055,125.650001525879,121.910003662109,123.75,35023800,123.75
2025-01-23,121.430000305176,123.709999084473,120.629997253418,123.040000915527,24921100,123.040000915527
2025-01-24,124.550003051758,125.25,122.230003356934,122.839996337891,31570300,122.839996337891
2025-01-27,117.800003051758,118.080001831055,112.800003051758,115.01000213623,61067900,115.01000213623
2025-01-28,115.180000305176,116.150001525879,112.949996948242,114.169998168945,40554800,114.169998168945
2025-01-29,115.769996643066,118.519996643066,114.959999084473,117.349998474121,40199100,117.349998474121
2025-01-30,118.529998779297,120.440002441406,117.089996337891,118.860000610352,29788400,118.860000610352
